<addon id="plugin.video.fenlightfl" name="FenLightFL" provider-name="maccb" version="2.1.91">
    <requires>
        <import addon="xbmc.python" version="3.0.0"/>
        <import addon="script.module.pil" version="1.1.7"/>
        <import addon="script.module.requests" version="2.19.1"/>
    </requires>
    <extension point="xbmc.python.pluginsource" library="resources/lib/fenlightfl.py">
        <provides>video</provides>
    </extension>
    <extension point="xbmc.service" library="resources/lib/service.py"/>
    <extension point="xbmc.addon.metadata">
        <reuselanguageinvoker>true</reuselanguageinvoker>
        <summary lang="en">Access your content from Easynews and Debrid Clouds.</summary>
        <description lang="en">This add-on is intended for advanced Kodi users only. You must own the content of any media you play through this addon. This is an English language only add-on.</description>
        <platform>all</platform>
		<disclaimer lang="en">The author of this addon does not host any of the content which is found and has no affiliation with any of the content providers.</disclaimer>
        <license/>
        <assets>
            <icon>resources/media/addon_icons/fenlight_icon_01.png</icon>
            <fanart>resources/media/fenlight_fanart_01.jpg</fanart>
        </assets>
        <news>INFO: For latest changes see Changelog within Tools of add-on.</news>
    </extension>
</addon>